{
 "rows": [
  {
   "seed": 1476,
   "path_acc": [
    0.9380999803543091,
    0.9200999736785889,
    0.7756999731063843,
    0.9138999581336975,
    0.9281999468803406
   ],
   "barrier": -0.1524999737739563,
   "cos_mid_sh": 0.5128670930862427,
   "cos_sh_far": 0.5024736523628235,
   "rayleigh": 2.421196460723877,
   "lambda1": 73537.3125,
   "ratio": 3.292473410316534e-05,
   "layer_profile": {
    "whiten.bias": 0.0015,
    "layers.1.conv1.weight": 0.0116,
    "layers.1.norm1.bias": 0.0022,
    "layers.1.conv2.weight": 0.0129,
    "layers.1.norm2.bias": 0.0023,
    "layers.2.conv1.weight": 0.0532,
    "layers.2.norm1.bias": 0.0023,
    "layers.2.conv2.weight": 0.0534,
    "layers.2.norm2.bias": 0.0027,
    "layers.3.conv1.weight": 0.0524,
    "layers.3.norm1.bias": 0.0056,
    "layers.3.conv2.weight": 0.0521,
    "layers.3.norm2.bias": 0.0005,
    "head.weight": 0.7473
   }
  },
  {
   "seed": 1477,
   "path_acc": [
    0.939799964427948,
    0.9192999601364136,
    0.767799973487854,
    0.9103999733924866,
    0.9285999536514282
   ],
   "barrier": -0.16079998016357422,
   "cos_mid_sh": 0.46118295192718506,
   "cos_sh_far": 0.49447399377822876,
   "rayleigh": 2.6149959564208984,
   "lambda1": 84302.734375,
   "ratio": 3.101911196366101e-05,
   "layer_profile": {
    "whiten.bias": 0.0035,
    "layers.1.conv1.weight": 0.0099,
    "layers.1.norm1.bias": 0.0023,
    "layers.1.conv2.weight": 0.011,
    "layers.1.norm2.bias": 0.0019,
    "layers.2.conv1.weight": 0.0457,
    "layers.2.norm1.bias": 0.0023,
    "layers.2.conv2.weight": 0.046,
    "layers.2.norm2.bias": 0.0024,
    "layers.3.conv1.weight": 0.0452,
    "layers.3.norm1.bias": 0.0055,
    "layers.3.conv2.weight": 0.0451,
    "layers.3.norm2.bias": 0.0004,
    "head.weight": 0.779
   }
  },
  {
   "seed": 1478,
   "path_acc": [
    0.9382999539375305,
    0.9230999946594238,
    0.7797999978065491,
    0.914199948310852,
    0.9285999536514282
   ],
   "barrier": -0.14879995584487915,
   "cos_mid_sh": 0.46041664481163025,
   "cos_sh_far": 0.48253118991851807,
   "rayleigh": 2.452017068862915,
   "lambda1": 73036.3125,
   "ratio": 3.357257485942921e-05,
   "layer_profile": {
    "whiten.bias": 0.0013,
    "layers.1.conv1.weight": 0.0101,
    "layers.1.norm1.bias": 0.0023,
    "layers.1.conv2.weight": 0.0119,
    "layers.1.norm2.bias": 0.0016,
    "layers.2.conv1.weight": 0.0489,
    "layers.2.norm1.bias": 0.0022,
    "layers.2.conv2.weight": 0.0494,
    "layers.2.norm2.bias": 0.0023,
    "layers.3.conv1.weight": 0.0487,
    "layers.3.norm1.bias": 0.006,
    "layers.3.conv2.weight": 0.0482,
    "layers.3.norm2.bias": 0.0004,
    "head.weight": 0.7668
   }
  },
  {
   "seed": 1479,
   "path_acc": [
    0.9382999539375305,
    0.9246000051498413,
    0.7843999862670898,
    0.9178999662399292,
    0.9312999844551086
   ],
   "barrier": -0.1468999981880188,
   "cos_mid_sh": 0.4906948506832123,
   "cos_sh_far": 0.4546319246292114,
   "rayleigh": 2.2672863006591797,
   "lambda1": 64637.24609375,
   "ratio": 3.507708693793518e-05,
   "layer_profile": {
    "whiten.bias": 0.0008,
    "layers.1.conv1.weight": 0.012,
    "layers.1.norm1.bias": 0.0026,
    "layers.1.conv2.weight": 0.0134,
    "layers.1.norm2.bias": 0.0016,
    "layers.2.conv1.weight": 0.0556,
    "layers.2.norm1.bias": 0.0019,
    "layers.2.conv2.weight": 0.0558,
    "layers.2.norm2.bias": 0.0028,
    "layers.3.conv1.weight": 0.0548,
    "layers.3.norm1.bias": 0.004,
    "layers.3.conv2.weight": 0.0547,
    "layers.3.norm2.bias": 0.0004,
    "head.weight": 0.7394
   }
  },
  {
   "seed": 1480,
   "path_acc": [
    0.9391999840736389,
    0.9220999479293823,
    0.788100004196167,
    0.9161999821662903,
    0.9296000003814697
   ],
   "barrier": -0.14149999618530273,
   "cos_mid_sh": 0.5020793676376343,
   "cos_sh_far": 0.48726990818977356,
   "rayleigh": 2.7125420570373535,
   "lambda1": 68294.0,
   "ratio": 3.97185998336216e-05,
   "layer_profile": {
    "whiten.bias": 0.0012,
    "layers.1.conv1.weight": 0.0109,
    "layers.1.norm1.bias": 0.0022,
    "layers.1.conv2.weight": 0.0125,
    "layers.1.norm2.bias": 0.0018,
    "layers.2.conv1.weight": 0.0522,
    "layers.2.norm1.bias": 0.0026,
    "layers.2.conv2.weight": 0.0525,
    "layers.2.norm2.bias": 0.0027,
    "layers.3.conv1.weight": 0.0516,
    "layers.3.norm1.bias": 0.006,
    "layers.3.conv2.weight": 0.0509,
    "layers.3.norm2.bias": 0.0004,
    "head.weight": 0.7525
   }
  },
  {
   "seed": 1481,
   "path_acc": [
    0.937999963760376,
    0.924299955368042,
    0.7892999649047852,
    0.9180999994277954,
    0.9300999641418457
   ],
   "barrier": -0.14079999923706055,
   "cos_mid_sh": 0.4999247193336487,
   "cos_sh_far": 0.5044533014297485,
   "rayleigh": 2.701582193374634,
   "lambda1": 66038.3359375,
   "ratio": 4.090930146894472e-05,
   "layer_profile": {
    "whiten.bias": 0.0012,
    "layers.1.conv1.weight": 0.0101,
    "layers.1.norm1.bias": 0.0017,
    "layers.1.conv2.weight": 0.012,
    "layers.1.norm2.bias": 0.0015,
    "layers.2.conv1.weight": 0.0487,
    "layers.2.norm1.bias": 0.0024,
    "layers.2.conv2.weight": 0.0492,
    "layers.2.norm2.bias": 0.0022,
    "layers.3.conv1.weight": 0.0484,
    "layers.3.norm1.bias": 0.006,
    "layers.3.conv2.weight": 0.048,
    "layers.3.norm2.bias": 0.0004,
    "head.weight": 0.7682
   }
  },
  {
   "seed": 1482,
   "path_acc": [
    0.9387999773025513,
    0.9239999651908875,
    0.7652999758720398,
    0.9136999845504761,
    0.9282999634742737
   ],
   "barrier": -0.1629999876022339,
   "cos_mid_sh": 0.5501612424850464,
   "cos_sh_far": 0.559314489364624,
   "rayleigh": 2.682622194290161,
   "lambda1": 69604.875,
   "ratio": 3.854072281991974e-05,
   "layer_profile": {
    "whiten.bias": 0.0013,
    "layers.1.conv1.weight": 0.0103,
    "layers.1.norm1.bias": 0.0026,
    "layers.1.conv2.weight": 0.0115,
    "layers.1.norm2.bias": 0.0015,
    "layers.2.conv1.weight": 0.0477,
    "layers.2.norm1.bias": 0.0016,
    "layers.2.conv2.weight": 0.0481,
    "layers.2.norm2.bias": 0.0025,
    "layers.3.conv1.weight": 0.0474,
    "layers.3.norm1.bias": 0.0066,
    "layers.3.conv2.weight": 0.0471,
    "layers.3.norm2.bias": 0.0004,
    "head.weight": 0.7715
   }
  },
  {
   "seed": 1483,
   "path_acc": [
    0.9398999810218811,
    0.9239999651908875,
    0.7767999768257141,
    0.9194999933242798,
    0.9302999973297119
   ],
   "barrier": -0.1535000205039978,
   "cos_mid_sh": 0.5019628405570984,
   "cos_sh_far": 0.5011876225471497,
   "rayleigh": 2.583724021911621,
   "lambda1": 107351.171875,
   "ratio": 2.4067962899558436e-05,
   "layer_profile": {
    "whiten.bias": 0.0016,
    "layers.1.conv1.weight": 0.0102,
    "layers.1.norm1.bias": 0.0024,
    "layers.1.conv2.weight": 0.0116,
    "layers.1.norm2.bias": 0.0019,
    "layers.2.conv1.weight": 0.0475,
    "layers.2.norm1.bias": 0.0024,
    "layers.2.conv2.weight": 0.048,
    "layers.2.norm2.bias": 0.0023,
    "layers.3.conv1.weight": 0.0474,
    "layers.3.norm1.bias": 0.0055,
    "layers.3.conv2.weight": 0.047,
    "layers.3.norm2.bias": 0.0004,
    "head.weight": 0.7717
   }
  },
  {
   "seed": 1484,
   "path_acc": [
    0.9375,
    0.9248999953269958,
    0.7854999899864197,
    0.9174000024795532,
    0.9289999604225159
   ],
   "barrier": -0.1434999704360962,
   "cos_mid_sh": 0.5136325359344482,
   "cos_sh_far": 0.5292796492576599,
   "rayleigh": 2.256255865097046,
   "lambda1": 80349.6015625,
   "ratio": 2.808048604126575e-05,
   "layer_profile": {
    "whiten.bias": 0.0006,
    "layers.1.conv1.weight": 0.0094,
    "layers.1.norm1.bias": 0.0019,
    "layers.1.conv2.weight": 0.0118,
    "layers.1.norm2.bias": 0.0018,
    "layers.2.conv1.weight": 0.0477,
    "layers.2.norm1.bias": 0.0021,
    "layers.2.conv2.weight": 0.048,
    "layers.2.norm2.bias": 0.0026,
    "layers.3.conv1.weight": 0.0473,
    "layers.3.norm1.bias": 0.0062,
    "layers.3.conv2.weight": 0.047,
    "layers.3.norm2.bias": 0.0005,
    "head.weight": 0.773
   }
  },
  {
   "seed": 1485,