{
 "alpha_bootstrap": {
  "alpha_ci95": [
   -0.349536,
   0.298856
  ],
  "alpha_median": -0.272859,
  "n_boot": 1695
 },
 "alpha_fit": {
  "alpha": -0.286914,
  "intercept": 1.076736,
  "n_points": 4
 },
 "arms": {
  "16": {
   "floor": 3.52033,
   "low_lr_penalty": 0.00235,
   "lr_cross": 0.064582,
   "max_mean_loss": 3.57415,
   "mean_loss": {
    "0.025": 3.51268,
    "0.035355": 3.51033,
    "0.05": 3.51218,
    "0.070711": 3.52322,
    "0.1": 3.543,
    "0.141421": 3.57415
   },
   "n_per_cell": {
    "0.025": 2,
    "0.035355": 2,
    "0.05": 2,
    "0.070711": 2,
    "0.1": 2,
    "0.141421": 2
   },
   "shoulder": 0.05,
   "tokens_per_step": 786432,
   "valley": 3.51033,
   "valley_lr": 0.035355
  },
  "2": {
   "floor": 3.44036,
   "low_lr_penalty": 0.02074,
   "lr_cross": 0.127729,
   "max_mean_loss": 3.4511,
   "mean_loss": {
    "0.025": 3.4511,
    "0.035355": 3.44691,
    "0.05": 3.43036,
    "0.070711": 3.43381,
    "0.1": 3.43379,
    "0.141421": 3.44309
   },
   "n_per_cell": {
    "0.025": 2,
    "0.035355": 2,
    "0.05": 2,
    "0.070711": 2,
    "0.1": 2,
    "0.141421": 2
   },
   "shoulder": 0.1,
   "tokens_per_step": 98304,
   "valley": 3.43036,
   "valley_lr": 0.05
  },
  "4": {
   "floor": 3.4231,
   "low_lr_penalty": 0.00065,
   "lr_cross": 0.069285,
   "max_mean_loss": 3.4476,
   "mean_loss": {
    "0.025": 3.41375,
    "0.035355": 3.4131,
    "0.05": 3.41498,
    "0.070711": 3.42361,
    "0.1": 3.42677,
    "0.141421": 3.4476
   },
   "n_per_cell": {
    "0.025": 2,
    "0.035355": 2,
    "0.05": 2,
    "0.070711": 2,
    "0.1": 2,
    "0.141421": 2
   },
   "shoulder": 0.05,
   "tokens_per_step": 196608,
   "valley": 3.4131,
   "valley_lr": 0.035355
  },
  "8": {
   "floor": 3.4504,
   "low_lr_penalty": 0.00121,
   "lr_cross": 0.073363,
   "max_mean_loss": 3.48017,
   "mean_loss": {
    "0.025": 3.44161,
    "0.035355": 3.4404,
    "0.05": 3.44334,
    "0.070711": 3.44926,
    "0.1": 3.46005,
    "0.141421": 3.48017
   },
   "n_per_cell": {
    "0.025": 2,
    "0.035355": 2,
    "0.05": 2,
    "0.070711": 2,
    "0.1": 2,
    "0.141421": 2
   },
   "shoulder": 0.070711,
   "tokens_per_step": 393216,
   "valley": 3.4404,
   "valley_lr": 0.035355
  }
 },
 "definitions": {
  "bootstrap": {
   "n": 2000,
   "rng_seed": 0
  },
  "estimator": "upward log-linear interpolated floor crossing from the valley",
  "floor_delta": 0.01
 },
 "p3_no_cliff": true,
 "valley_monotone_nondecreasing": false
}
