{
 "bands": {
  "flat_band": [
   -0.15,
   0.15
  ],
  "sqrt_band": [
   0.35,
   0.65
  ],
  "thresholds": [
   2.0,
   3.0,
   4.0
  ]
 },
 "n_frozen_probes": 864,
 "n_runs": 9,
 "per_matrix": {
  "layers.1.conv1.weight": {
   "ess": {
    "max": 1058.229933099815,
    "median": 510.1034323508587,
    "min": 272.92338140416615,
    "n": 144,
    "q25": 427.55619005236014,
    "q75": 632.6144007675874
   },
   "n_nw_floored": 0,
   "n_observations": {
    "max": 200.0,
    "median": 200.0,
    "min": 200.0,
    "n": 144,
    "q25": 200.0,
    "q75": 200.0
   },
   "n_probes": 144,
   "t_naive": {
    "final_abs_t": {
     "max": 3.3878038516462596,
     "median": 0.6422171906031697,
     "min": 0.0023270586030009637,
     "n": 144,
     "q25": 0.31227995163483824,
     "q75": 1.1214232403231414
    },
    "frac_crossing": {
     "2": 0.05555555555555555,
     "3": 0.006944444444444444,
     "4": 0.0
    },
    "frac_slope_in_flat_band": 0.2847222222222222,
    "frac_slope_in_sqrt_band": 0.16666666666666666,
    "n_slope_missing": 0,
    "slope": {
     "max": 1.008853216790805,
     "median": 0.11733149499669945,
     "min": -1.0972966317131376,
     "n": 144,
     "q25": -0.16654516648420722,
     "q75": 0.3191094290848662
    }
   },
   "t_nw": {
    "final_abs_t": {
     "max": 4.772649421556831,
     "median": 1.0432280438472525,
     "min": 0.003709962608169644,
     "n": 144,
     "q25": 0.46352003823895255,
     "q75": 1.7373115854608154
    },
    "frac_crossing": {
     "2": 0.2013888888888889,
     "3": 0.05555555555555555,
     "4": 0.006944444444444444
    },
    "frac_slope_in_flat_band": 0.2916666666666667,
    "frac_slope_in_sqrt_band": 0.1875,
    "n_slope_missing": 0,
    "slope": {
     "max": 1.147850515711807,
     "median": 0.12276586770373726,
     "min": -1.1110986034491392,
     "n": 144,
     "q25": -0.13292485098333187,
     "q75": 0.34314524215560144
    }
   }
  },
  "layers.1.conv2.weight": {
   "ess": {
    "max": 713.2768843195464,
    "median": 447.31742101766963,
    "min": 266.181503762487,
    "n": 144,
    "q25": 397.039911900766,
    "q75": 501.02118090649617
   },
   "n_nw_floored": 0,
   "n_observations": {
    "max": 200.0,
    "median": 200.0,
    "min": 200.0,
    "n": 144,
    "q25": 200.0,
    "q75": 200.0
   },
   "n_probes": 144,
   "t_naive": {
    "final_abs_t": {
     "max": 4.6034246241139805,
     "median": 0.6609007791337018,
     "min": 0.0026573509183257,
     "n": 144,
     "q25": 0.28168466412465376,
     "q75": 1.2784518293782976
    },
    "frac_crossing": {
     "2": 0.0763888888888889,
     "3": 0.020833333333333332,
     "4": 0.006944444444444444
    },
    "frac_slope_in_flat_band": 0.2152777777777778,
    "frac_slope_in_sqrt_band": 0.19444444444444445,
    "n_slope_missing": 0,
    "slope": {
     "max": 1.0350246128515976,
     "median": 0.13888645282223666,
     "min": -1.182065592477316,
     "n": 144,
     "q25": -0.2637970392432485,
     "q75": 0.4297341141250415
    }
   },
   "t_nw": {
    "final_abs_t": {
     "max": 5.920407083865786,
     "median": 0.9718564573882245,
     "min": 0.0037239297472540047,
     "n": 144,
     "q25": 0.4080870866132534,
     "q75": 1.8684246798355701
    },
    "frac_crossing": {
     "2": 0.2152777777777778,
     "3": 0.0763888888888889,
     "4": 0.020833333333333332
    },
    "frac_slope_in_flat_band": 0.18055555555555555,
    "frac_slope_in_sqrt_band": 0.2152777777777778,
    "n_slope_missing": 0,
    "slope": {
     "max": 1.1424993832610217,
     "median": 0.1680968806907765,
     "min": -1.0498111638556642,
     "n": 144,
     "q25": -0.25949060553733394,
     "q75": 0.42207503044384426
    }
   }
  },
  "layers.2.conv1.weight": {
   "ess": {
    "max": 732.349798301183,
    "median": 370.6782656018614,
    "min": 234.18107136487805,
    "n": 144,
    "q25": 315.64389109051524,
    "q75": 431.9920935671779
   },
   "n_nw_floored": 0,
   "n_observations": {
    "max": 200.0,
    "median": 200.0,
    "min": 200.0,
    "n": 144,
    "q25": 200.0,
    "q75": 200.0
   },
   "n_probes": 144,
   "t_naive": {
    "final_abs_t": {
     "max": 3.392282189267255,
     "median": 0.5240644203786677,
     "min": 0.009694308666130885,
     "n": 144,
     "q25": 0.24936444018734855,
     "q75": 1.0607568904988809
    },
    "frac_crossing": {
     "2": 0.027777777777777776,
     "3": 0.006944444444444444,
     "4": 0.0
    },
    "frac_slope_in_flat_band": 0.24305555555555555,
    "frac_slope_in_sqrt_band": 0.2013888888888889,
    "n_slope_missing": 0,
    "slope": {
     "max": 1.1025373098369045,
     "median": -0.029674070150609827,
     "min": -1.2814567328964768,
     "n": 144,
     "q25": -0.35991292345787157,
     "q75": 0.3321005359464302
    }
   },
   "t_nw": {
    "final_abs_t": {
     "max": 4.294562755261888,
     "median": 0.6935701523644417,
     "min": 0.0123870119486677,
     "n": 144,
     "q25": 0.33498204370424206,
     "q75": 1.4025759464853487
    },
    "frac_crossing": {
     "2": 0.125,
     "3": 0.020833333333333332,
     "4": 0.006944444444444444
    },
    "frac_slope_in_flat_band": 0.2777777777777778,
    "frac_slope_in_sqrt_band": 0.1736111111111111,
    "n_slope_missing": 0,
    "slope": {
     "max": 1.1779395672235269,
     "median": -0.02186621215010662,
     "min": -1.3974566771340007,
     "n": 144,
     "q25": -0.3246330778551707,
     "q75": 0.2655622552744268
    }
   }
  },
  "layers.2.conv2.weight": {
   "ess": {
    "max": 957.2878541764337,
    "median": 332.2247023364807,
    "min": 220.42681545328273,
    "n": 144,
    "q25": 288.3922798364369,
    "q75": 393.13825638717225
   },
   "n_nw_floored": 0,
   "n_observations": {
    "max": 200.0,
    "median": 200.0,
    "min": 200.0,
    "n": 144,
    "q25": 200.0,
    "q75": 200.0
   },
   "n_probes": 144,
   "t_naive": {
    "final_abs_t": {
     "max": 3.99572813402206,
     "median": 0.5129418235633522,
     "min": 0.04155833757058916,
     "n": 144,
     "q25": 0.24972860558997348,
     "q75": 1.0309324442657959
    },
    "frac_crossing": {
     "2": 0.05555555555555555,
     "3": 0.013888888888888888,
     "4": 0.0
    },
    "frac_slope_in_flat_band": 0.2916666666666667,
    "frac_slope_in_sqrt_band": 0.11805555555555555,
    "n_slope_missing": 0,
    "slope": {
     "max": 1.0952043406802288,
     "median": -0.013585806990167468,
     "min": -1.2683193491797413,
     "n": 144,
     "q25": -0.3467699426153091,
     "q75": 0.23492053903203358
    }
   },
   "t_nw": {
    "final_abs_t": {
     "max": 5.507810429286208,
     "median": 0.6690297080198733,
     "min": 0.04957047940170023,
     "n": 144,
     "q25": 0.3373900846220675,
     "q75": 1.4009027170151225
    },
    "frac_crossing": {
     "2": 0.125,
     "3": 0.034722222222222224,
     "4": 0.006944444444444444
    },
    "frac_slope_in_flat_band": 0.2638888888888889,
    "frac_slope_in_sqrt_band": 0.09722222222222222,
    "n_slope_missing": 0,
    "slope": {
     "max": 0.9107885271467621,
     "median": -0.07181769773760271,
     "min": -1.2374180388272835,
     "n": 144,
     "q25": -0.382586761359319,
     "q75": 0.1953052837480106
    }
   }
  },
  "layers.3.conv1.weight": {
   "ess": {
    "max": 472.9176993884017,
    "median": 318.1044189602724,
    "min": 217.5414095076952,
    "n": 144,
    "q25": 280.5338905257697,
    "q75": 359.754552785819
   },
   "n_nw_floored": 0,
   "n_observations": {
    "max": 200.0,
    "median": 200.0,
    "min": 200.0,
    "n": 144,
    "q25": 200.0,
    "q75": 200.0
   },
   "n_probes": 144,
   "t_naive": {
    "final_abs_t": {
     "max": 2.426532499483271,
     "median": 0.6398258022640247,
     "min": 0.002716592881975717,
     "n": 144,
     "q25": 0.329642096459715,
     "q75": 1.1892502539395955
    },
    "frac_crossing": {
     "2": 0.034722222222222224,
     "3": 0.0,
     "4": 0.0
    },
    "frac_slope_in_flat_band": 0.24305555555555555,
    "frac_slope_in_sqrt_band": 0.125,
    "n_slope_missing": 0,
    "slope": {
     "max": 1.1662377287006997,