{
 "fit|1000|0.12": {
  "grad_norm": 99.64003971497218,
  "hvp_q90": 2.0905016326904295,
  "lr_dsmooth_fro": 1.2384843956407257,
  "lr_dsmooth_spec": 151.8287477810178,
  "occupancy": 0.4257431735404956,
  "rho_mean": -0.15565670783416008,
  "sigma": 9.793830802263983,
  "spike_rate": 0.00822482638888888
 },
 "fit|1000|0.24": {
  "grad_norm": 105.98068727016448,
  "hvp_q90": 2.5106228256225585,
  "lr_dsmooth_fro": 1.8037710807209173,
  "lr_dsmooth_spec": 203.30653115636233,
  "occupancy": 0.5139982649328135,
  "rho_mean": -0.21868132738878016,
  "sigma": 10.062557385039629,
  "spike_rate": 0.008680555555555552
 },
 "fit|1000|0.36": {
  "grad_norm": 107.27377782503764,
  "hvp_q90": 3.191760663986206,
  "lr_dsmooth_fro": 2.146952591513355,
  "lr_dsmooth_spec": 224.55994528703218,
  "occupancy": 0.5745475128324169,
  "rho_mean": -0.25486543594553035,
  "sigma": 10.304275892084359,
  "spike_rate": 0.009440104166666663
 },
 "fit|1000|0.48": {
  "grad_norm": 107.37304892539979,
  "hvp_q90": 3.6215167808532716,
  "lr_dsmooth_fro": 2.38987592475742,
  "lr_dsmooth_spec": 234.8136796445715,
  "occupancy": 0.599046200926298,
  "rho_mean": -0.27140082741985344,
  "sigma": 9.998634234642546,
  "spike_rate": 0.009924768518518508
 },
 "fit|1000|0.6": {
  "grad_norm": 107.8327204211553,
  "hvp_q90": 4.216406536102294,
  "lr_dsmooth_fro": 2.6324667617915667,
  "lr_dsmooth_spec": 241.89206185668695,
  "occupancy": 0.6159781079772102,
  "rho_mean": -0.28476921787820964,
  "sigma": 10.116867582897914,
  "spike_rate": 0.010185185185185183
 },
 "fit|1000|0.72": {
  "grad_norm": 108.60769262949626,
  "hvp_q90": 4.542418556213379,
  "lr_dsmooth_fro": 2.7864727091645918,
  "lr_dsmooth_spec": 245.28599356654811,
  "occupancy": 0.6285615038093098,
  "rho_mean": -0.2927224674962135,
  "sigma": 10.019701917449007,
  "spike_rate": 0.011371527777777772
 },
 "fit|1000|0.96": {
  "grad_norm": 108.61151781082154,
  "hvp_q90": 5.017741813659668,
  "lr_dsmooth_fro": 3.199416135678761,
  "lr_dsmooth_spec": 242.76056406588228,
  "occupancy": 0.6170612200134493,
  "rho_mean": -0.28430274680401757,
  "sigma": 10.092637323255985,
  "spike_rate": 0.01364293981481481
 },
 "fit|1000|1.44": {
  "grad_norm": 103.36236208438874,
  "hvp_q90": 4.7665338134765625,
  "lr_dsmooth_fro": 3.4760854959507768,
  "lr_dsmooth_spec": 229.98840263503735,
  "occupancy": 0.5814587891341091,
  "rho_mean": -0.2588817837533367,
  "sigma": 9.885037024569405,
  "spike_rate": 0.018142361111111116
 },
 "fit|2000|0.12": {
  "grad_norm": 143.457725687027,
  "hvp_q90": 4.224123367309572,
  "lr_dsmooth_fro": 1.453142391437483,
  "lr_dsmooth_spec": 159.59763142712026,
  "occupancy": 0.5558742889168273,
  "rho_mean": -0.25325286832825455,
  "sigma": 13.622805042202042,
  "spike_rate": 0.009360532407407404
 },
 "fit|2000|0.24": {
  "grad_norm": 148.66743350664774,
  "hvp_q90": 4.586845825195315,
  "lr_dsmooth_fro": 2.47227260986653,
  "lr_dsmooth_spec": 270.2631600043121,
  "occupancy": 0.6464130411074075,
  "rho_mean": -0.31533100760734223,
  "sigma": 14.146235631909803,
  "spike_rate": 0.009186921296296297
 },
 "fit|2000|0.36": {
  "grad_norm": 155.75934087435405,
  "hvp_q90": 5.6180005760192895,
  "lr_dsmooth_fro": 3.094601461467975,
  "lr_dsmooth_spec": 312.1070660891836,
  "occupancy": 0.6708910800766299,
  "rho_mean": -0.33422816212699663,
  "sigma": 14.500974281555196,
  "spike_rate": 0.009577546296296292
 },
 "fit|2000|0.48": {
  "grad_norm": 159.7368999004364,
  "hvp_q90": 6.177507820129399,
  "lr_dsmooth_fro": 3.6442575321176265,
  "lr_dsmooth_spec": 330.4384770927133,
  "occupancy": 0.6937494234303969,
  "rho_mean": -0.3483386604553382,
  "sigma": 15.220616511023158,
  "spike_rate": 0.010850694444444439
 },
 "fit|2000|0.6": {
  "grad_norm": 160.31821967124938,
  "hvp_q90": 7.057826671600351,
  "lr_dsmooth_fro": 4.098437509195386,
  "lr_dsmooth_spec": 341.98856499496736,
  "occupancy": 0.6947327614635221,
  "rho_mean": -0.348397152393489,
  "sigma": 14.976220606159282,
  "spike_rate": 0.010966435185185175
 },
 "fit|2000|0.72": {
  "grad_norm": 162.24572171529132,
  "hvp_q90": 7.268029060363771,
  "lr_dsmooth_fro": 4.450235561041303,
  "lr_dsmooth_spec": 345.39871224695764,
  "occupancy": 0.6999507508365217,
  "rho_mean": -0.3480092436367034,
  "sigma": 16.185269104852825,
  "spike_rate": 0.012340856481481473
 },
 "fit|2000|0.96": {
  "grad_norm": 162.67867919921875,
  "hvp_q90": 7.389020690917977,
  "lr_dsmooth_fro": 5.149283759053118,
  "lr_dsmooth_spec": 354.68628935250376,
  "occupancy": 0.6791782521873829,
  "rho_mean": -0.3328922269823673,
  "sigma": 15.729772082365042,
  "spike_rate": 0.014945023148148131
 },
 "fit|2000|1.44": {
  "grad_norm": 165.83537620226542,
  "hvp_q90": 6.705079204559331,
  "lr_dsmooth_fro": 6.199581279035035,
  "lr_dsmooth_spec": 342.1805705560329,
  "occupancy": 0.6072019810839131,
  "rho_mean": -0.28186944586176876,
  "sigma": 17.512232334320288,
  "spike_rate": 0.02222222222222221
 },
 "fit|4000|0.12": {
  "grad_norm": 259.3754688368903,
  "hvp_q90": 7.247408958435056,
  "lr_dsmooth_fro": 2.3360896800336284,
  "lr_dsmooth_spec": 180.22797846778076,
  "occupancy": 0.6809958435793172,
  "rho_mean": -0.33731389936748135,
  "sigma": 25.718807933842374,
  "spike_rate": null
 },
 "fit|4000|0.24": {
  "grad_norm": 219.28884938028125,
  "hvp_q90": 7.967561920166012,
  "lr_dsmooth_fro": 2.9497980824554304,
  "lr_dsmooth_spec": 226.6064103540143,
  "occupancy": 0.7367978586896589,
  "rho_mean": -0.39199731779810576,
  "sigma": 19.910880907729734,
  "spike_rate": null
 },
 "fit|4000|0.36": {
  "grad_norm": 221.04584250185223,
  "hvp_q90": 8.16406828308105,
  "lr_dsmooth_fro": 3.9172359737396647,
  "lr_dsmooth_spec": 284.6938027929325,
  "occupancy": 0.7384175691937425,
  "rho_mean": -0.39880340787123764,
  "sigma": 20.779766526400635,
  "spike_rate": null
 },
 "fit|4000|0.48": {
  "grad_norm": 230.6934445169237,
  "hvp_q90": 9.731185729980464,
  "lr_dsmooth_fro": 5.1607278131761465,
  "lr_dsmooth_spec": 333.94354256088,
  "occupancy": 0.7360903373703737,
  "rho_mean": -0.39741519446107737,
  "sigma": 22.836432946452987,
  "spike_rate": null
 },
 "fit|4000|0.6": {
  "grad_norm": 236.4582456085417,
  "hvp_q90": 8.196429805755614,
  "lr_dsmooth_fro": 5.887878454332286,
  "lr_dsmooth_spec": 363.9744874471304,
  "occupancy": 0.7517282837391044,
  "rho_mean": -0.4065341851871777,
  "sigma": 22.135419337733765,
  "spike_rate": null
 },
 "fit|4000|0.72": {
  "grad_norm": 237.69279617733423,
  "hvp_q90": 7.404295234680172,
  "lr_dsmooth_fro": 6.399089757384864,
  "lr_dsmooth_spec": 372.69587781120276,
  "occupancy": 0.7299533644237175,
  "rho_mean": -0.38569453407269616,
  "sigma": 25.864373304420347,
  "spike_rate": null
 },
 "fit|4000|0.96": {
  "grad_norm": 246.77060906092328,
  "hvp_q90": 8.043418075561522,
  "lr_dsmooth_fro": 7.3645676612730915,
  "lr_dsmooth_spec": 380.5234454373946,
  "occupancy": 0.7062855875008207,
  "rho_mean": -0.36171841432858665,
  "sigma": 24.94451093467069,
  "spike_rate": null
 },
 "fit|4000|1.44": {
  "grad_norm": 264.4483346806632,
  "hvp_q90": 5.139262298583984,
  "lr_dsmooth_fro": 9.560364022928162,
  "lr_dsmooth_spec": 371.38252787619786,
  "occupancy": 0.617992427635385,
  "rho_mean": -0.2879946041202735,
  "sigma": 26.96457321350075,
  "spike_rate": null
 },
 "fit|500|0.12": {
  "grad_norm": 72.06771580934524,
  "hvp_q90": 0.9113041225433351,
  "lr_dsmooth_fro": 0.9662402344019408,
  "lr_dsmooth_spec": 116.61268762224832,
  "occupancy": 0.3206080420531746,
  "rho_mean": -0.08811856386604319,
  "sigma": 7.676830365966694,
  "spike_rate": 0.00825810185185185
 },
 "fit|500|0.24": {
  "grad_norm": 73.59049646202723,
  "hvp_q90": 1.3435862480163574,
  "lr_dsmooth_fro": 1.2464396843851961,
  "lr_dsmooth_spec": 139.4866130357238,
  "occupancy": 0.41332983505738763,
  "rho_mean": -0.14625100394199758,
  "sigma": 7.591867697378864,
  "spike_rate": 0.008579282407407409
 },
 "fit|500|0.36": {
  "grad_norm": 72.99978772290548,
  "hvp_q90": 1.6859299335479743,