{
 "250|last": [
  0.9019999504089355,
  0.8956999778747559,
  0.8932999968528748,
  0.8974999785423279,
  0.8924999833106995
 ],
 "250|uni5": [
  0.9129999876022339,
  0.9079999923706055,
  0.9083999991416931,
  0.9091999530792236,
  0.9095999598503113
 ],
 "250|uni10": [
  0.9174000024795532,
  0.9131999611854553,
  0.911899983882904,
  0.9158999919891357,
  0.915399968624115
 ],
 "250|uni20": [
  0.9172999858856201,
  0.91839998960495,
  0.9162999987602234,
  0.9179999828338623,
  0.9181999564170837
 ],
 "250|uni40": [
  0.9177999496459961,
  0.9190999865531921,
  0.9185000061988831,
  0.9186999797821045,
  0.9178999662399292
 ],
 "250|ema0.9": [
  0.9180999994277954,
  0.9178999662399292,
  0.917199969291687,
  0.9193999767303467,
  0.9177999496459961
 ],
 "250|ema0.95": [
  0.9195999503135681,
  0.920199990272522,
  0.9185999631881714,
  0.9194999933242798,
  0.9211999773979187
 ],
 "250|rho2.0": [
  0.9139999747276306,
  0.910099983215332,
  0.9071999788284302,
  0.9110999703407288,
  0.9102999567985535
 ],
 "250|rho5.0": [
  0.9167999625205994,
  0.9146999716758728,
  0.9114999771118164,
  0.9156000018119812,
  0.9143999814987183
 ],
 "250|rho10.0": [
  0.9174999594688416,
  0.9195999503135681,
  0.9170999526977539,
  0.9181999564170837,
  0.9181999564170837
 ],
 "300|last": [
  0.9181999564170837,
  0.9165999889373779,
  0.9167999625205994,
  0.9174999594688416,
  0.9154999852180481
 ],
 "300|uni5": [
  0.9225999712944031,
  0.9253000020980835,
  0.923799991607666,
  0.9217999577522278,
  0.9200999736785889
 ],
 "300|uni10": [
  0.9266999959945679,
  0.9268999695777893,
  0.9253999590873718,
  0.9231999516487122,
  0.921999990940094
 ],
 "300|uni20": [
  0.9266999959945679,
  0.926099956035614,
  0.9282999634742737,
  0.9264999628067017,
  0.9246000051498413
 ],
 "300|uni40": [
  0.9276999831199646,
  0.9273999929428101,
  0.9277999997138977,
  0.9261999726295471,
  0.9271000027656555
 ],
 "300|ema0.9": [
  0.9279999732971191,
  0.9282999634742737,
  0.9284999966621399,
  0.9264000058174133,
  0.9254999756813049
 ],
 "300|ema0.95": [
  0.929099977016449,
  0.9300999641418457,
  0.9287999868392944,
  0.9274999499320984,
  0.9282999634742737
 ],
 "300|rho2.0": [
  0.9214999675750732,
  0.9229999780654907,
  0.92249995470047,
  0.9199999570846558,
  0.9181999564170837
 ],
 "300|rho5.0": [
  0.9266999959945679,
  0.9256999492645264,
  0.926099956035614,
  0.924299955368042,
  0.9218999743461609
 ],
 "300|rho10.0": [
  0.927899956703186,
  0.9266999959945679,
  0.927899956703186,
  0.9262999892234802,
  0.9246000051498413
 ],
 "340|last": [
  0.9279999732971191,
  0.924299955368042,
  0.9248999953269958,
  0.9284999966621399,
  0.9280999898910522
 ],
 "340|uni5": [
  0.9284999966621399,
  0.9286999702453613,
  0.9276999831199646,
  0.9307999610900879,
  0.929099977016449
 ],
 "340|uni10": [
  0.9301999807357788,
  0.9305999875068665,
  0.9296000003814697,
  0.9322999715805054,
  0.9296000003814697
 ],
 "340|uni20": [
  0.9316999912261963,
  0.9317999482154846,
  0.9305999875068665,
  0.9332999587059021,
  0.9311999678611755
 ],
 "340|uni40": [
  0.9316999912261963,
  0.9332000017166138,
  0.9314000010490417,
  0.9325999617576599,
  0.9321999549865723
 ],
 "340|ema0.9": [
  0.930899977684021,
  0.9317999482154846,
  0.9305999875068665,
  0.9340999722480774,
  0.9314000010490417
 ],
 "340|ema0.95": [
  0.9327999949455261,
  0.933899998664856,
  0.9318999648094177,
  0.9345999956130981,
  0.9317999482154846
 ],
 "340|rho2.0": [
  0.9282999634742737,
  0.927299976348877,
  0.9273999929428101,
  0.9296999573707581,
  0.9283999800682068
 ],
 "340|rho5.0": [
  0.9296999573707581,
  0.9297999739646912,
  0.929099977016449,
  0.9325000047683716,
  0.929099977016449
 ],
 "340|rho10.0": [
  0.9318999648094177,
  0.9320999979972839,
  0.9307000041007996,
  0.9335999488830566,
  0.9303999543190002
 ],
 "360|last": [
  0.9332000017166138,
  0.9335999488830566,
  0.9289999604225159,
  0.9321999549865723,
  0.9329999685287476
 ],
 "360|uni5": [
  0.9339999556541443,
  0.9321999549865723,
  0.9305999875068665,
  0.934499979019165,
  0.9346999526023865
 ],
 "360|uni10": [
  0.9353999495506287,
  0.9339999556541443,
  0.9339999556541443,
  0.9355999827384949,
  0.9339999556541443
 ],
 "360|uni20": [
  0.9347999691963196,
  0.9351999759674072,
  0.9336999654769897,
  0.9345999956130981,
  0.9332999587059021
 ],
 "360|uni40": [
  0.9347999691963196,
  0.9350000023841858,
  0.9332000017166138,
  0.9364999532699585,
  0.9346999526023865
 ],
 "360|ema0.9": [
  0.9357999563217163,
  0.9350999593734741,
  0.933899998664856,
  0.9355999827384949,
  0.9348999857902527
 ],
 "360|ema0.95": [
  0.934499979019165,
  0.9358999729156494,
  0.9343000054359436,
  0.9364999532699585,
  0.935699999332428
 ],
 "360|rho2.0": [
  0.9333999752998352,
  0.9332999587059021,
  0.9323999881744385,
  0.9340999722480774,
  0.9321999549865723
 ],
 "360|rho5.0": [
  0.9351999759674072,
  0.9343000054359436,
  0.9337999820709229,
  0.9352999925613403,
  0.9334999918937683
 ],
 "360|rho10.0": [
  0.9351999759674072,
  0.9352999925613403,
  0.9332999587059021,
  0.9348999857902527,
  0.9341999888420105
 ],
 "380|last": [
  0.9382999539375305,
  0.934499979019165,
  0.9364999532699585,
  0.936199963092804,
  0.9357999563217163
 ],
 "380|uni5": [
  0.9382999539375305,
  0.9343000054359436,
  0.9362999796867371,
  0.9348999857902527,
  0.9347999691963196
 ],
 "380|uni10": [
  0.9382999539375305,
  0.9355999827384949,
  0.936199963092804,
  0.9343999624252319,
  0.9354999661445618
 ],
 "380|uni20": [
  0.9390999674797058,
  0.9368000030517578,
  0.9359999895095825,
  0.9359999895095825,
  0.9369999766349792
 ],
 "380|uni40": [
  0.9375,
  0.9370999932289124,
  0.9368999600410461,
  0.936199963092804,
  0.9361000061035156
 ],
 "380|ema0.9": [
  0.9391999840736389,
  0.936199963092804,
  0.9371999502182007,
  0.935699999332428,
  0.9372999668121338
 ],
 "380|ema0.95": [
  0.9380999803543091,
  0.9368999600410461,
  0.9377999901771545,
  0.9362999796867371,
  0.9369999766349792
 ],
 "380|rho2.0": [
  0.9383999705314636,
  0.9354999661445618,
  0.9371999502182007,
  0.9343999624252319,
  0.9350999593734741
 ],
 "380|rho5.0": [
  0.9386999607086182,
  0.9354999661445618,
  0.9366999864578247,
  0.9345999956130981,
  0.9357999563217163
 ],
 "380|rho10.0": [
  0.9388999938964844,
  0.9363999962806702,
  0.9362999796867371,
  0.9364999532699585,
  0.9366999864578247
 ],
 "400|last": [
  0.9401999711990356,
  0.9388999938964844,
  0.9394999742507935,
  0.937999963760376,
  0.9383999705314636
 ],
 "400|uni5": [
  0.9400999546051025,
  0.9387999773025513,
  0.9393999576568604,
  0.9380999803543091,
  0.937999963760376
 ],
 "400|uni10": [
  0.9401999711990356,
  0.9386000037193298,
  0.9394999742507935,
  0.9375999569892883,
  0.9378999471664429
 ],
 "400|uni20": [
  0.9394999742507935,
  0.9380999803543091,
  0.939799964427948,
  0.9368999600410461,
  0.937999963760376
 ],
 "400|uni40": [
  0.9399999976158142,
  0.9382999539375305,
  0.9382999539375305,
  0.9377999901771545,
  0.9376999735832214
 ],
 "400|ema0.9": [
  0.9401999711990356,
  0.9382999539375305,
  0.9391999840736389,
  0.9377999901771545,
  0.9378999471664429
 ],
 "400|ema0.95": [
  0.9399999976158142,
  0.9378999471664429,
  0.9388999938964844,
  0.937999963760376,
  0.9384999871253967
 ],
 "400|rho2.0": [
  0.9409999847412109,
  0.9382999539375305,
  0.9395999908447266,
  0.9382999539375305,
  0.9376999735832214
 ],
 "400|rho5.0": [
  0.9401999711990356,
  0.9383999705314636,
  0.9400999546051025,
  0.9375999569892883,
  0.9380999803543091
 ],
 "400|rho10.0": [
  0.9396999478340149,
  0.9375999569892883,
  0.9396999478340149,
  0.9366999864578247,
  0.9380999803543091
 ]
}