{
 "fit|1000|0.12": {
  "fS1_centroid": 0.5750074413797687,
  "fS2_highfrac": 0.5933355863670271,
  "fS3_flatness": 0.9021055728149514
 },
 "fit|1000|0.24": {
  "fS1_centroid": 0.5989122803797835,
  "fS2_highfrac": 0.6288602149988354,
  "fS3_flatness": 0.87765503129579
 },
 "fit|1000|0.36": {
  "fS1_centroid": 0.6109023211284695,
  "fS2_highfrac": 0.6497868245273173,
  "fS3_flatness": 0.8625396859559986
 },
 "fit|1000|0.48": {
  "fS1_centroid": 0.6170161437901664,
  "fS2_highfrac": 0.6593596976439489,
  "fS3_flatness": 0.8534321216409066
 },
 "fit|1000|0.6": {
  "fS1_centroid": 0.620476210099705,
  "fS2_highfrac": 0.6632792515538638,
  "fS3_flatness": 0.851167644934776
 },
 "fit|1000|0.72": {
  "fS1_centroid": 0.6221164379791619,
  "fS2_highfrac": 0.6685407366887487,
  "fS3_flatness": 0.8502367731877726
 },
 "fit|1000|0.96": {
  "fS1_centroid": 0.6166259616956229,
  "fS2_highfrac": 0.6572843655965692,
  "fS3_flatness": 0.8627734083348142
 },
 "fit|1000|1.44": {
  "fS1_centroid": 0.6064527779759313,
  "fS2_highfrac": 0.6444331747060799,
  "fS3_flatness": 0.8778427103340183
 },
 "fit|2000|0.12": {
  "fS1_centroid": 0.614547003271843,
  "fS2_highfrac": 0.6485487259397191,
  "fS3_flatness": 0.8108171976859488
 },
 "fit|2000|0.24": {
  "fS1_centroid": 0.6372431919892296,
  "fS2_highfrac": 0.6866770465560625,
  "fS3_flatness": 0.7754946381464194
 },
 "fit|2000|0.36": {
  "fS1_centroid": 0.6448381815873937,
  "fS2_highfrac": 0.6983439150604638,
  "fS3_flatness": 0.762239054382263
 },
 "fit|2000|0.48": {
  "fS1_centroid": 0.647188327632874,
  "fS2_highfrac": 0.7009244416442519,
  "fS3_flatness": 0.757331446364776
 },
 "fit|2000|0.6": {
  "fS1_centroid": 0.6455968041070149,
  "fS2_highfrac": 0.6975729469507492,
  "fS3_flatness": 0.7639870707203731
 },
 "fit|2000|0.72": {
  "fS1_centroid": 0.6454032359390545,
  "fS2_highfrac": 0.7012821231406334,
  "fS3_flatness": 0.7677955936278201
 },
 "fit|2000|0.96": {
  "fS1_centroid": 0.6382504091131591,
  "fS2_highfrac": 0.6903729701330714,
  "fS3_flatness": 0.783424269886495
 },
 "fit|2000|1.44": {
  "fS1_centroid": 0.6183774009882905,
  "fS2_highfrac": 0.6611884062772315,
  "fS3_flatness": 0.815378216956554
 },
 "fit|500|0.12": {
  "fS1_centroid": 0.5487626204498965,
  "fS2_highfrac": 0.5531041293506431,
  "fS3_flatness": 0.9509221074107224
 },
 "fit|500|0.24": {
  "fS1_centroid": 0.572393284001803,
  "fS2_highfrac": 0.5896852979768735,
  "fS3_flatness": 0.9314984009896928
 },
 "fit|500|0.36": {
  "fS1_centroid": 0.5867829246756934,
  "fS2_highfrac": 0.6116968944718602,
  "fS3_flatness": 0.9186348232093291
 },
 "fit|500|0.48": {
  "fS1_centroid": 0.5958831591144207,
  "fS2_highfrac": 0.6250769437327783,
  "fS3_flatness": 0.9087267209634388
 },
 "fit|500|0.6": {
  "fS1_centroid": 0.5997705474178765,
  "fS2_highfrac": 0.631472228251128,
  "fS3_flatness": 0.9049115649486978
 },
 "fit|500|0.72": {
  "fS1_centroid": 0.6010170333872767,
  "fS2_highfrac": 0.6332276048938095,
  "fS3_flatness": 0.9060034748818353
 },
 "fit|500|0.96": {
  "fS1_centroid": 0.598377079296776,
  "fS2_highfrac": 0.6313350021418829,
  "fS3_flatness": 0.9124533404072227
 },
 "fit|500|1.44": {
  "fS1_centroid": 0.5873650425208239,
  "fS2_highfrac": 0.6172272275122516,
  "fS3_flatness": 0.9262486167073933
 },
 "val|1000|0.24": {
  "fS1_centroid": 0.5977130746665003,
  "fS2_highfrac": 0.6287768024642312,
  "fS3_flatness": 0.8779346506172537
 },
 "val|1000|0.32": {
  "fS1_centroid": 0.607483534549826,
  "fS2_highfrac": 0.6430850587308945,
  "fS3_flatness": 0.8645849172419412
 },
 "val|1000|0.37": {
  "fS1_centroid": 0.6106007278925335,
  "fS2_highfrac": 0.6480695228384098,
  "fS3_flatness": 0.8619988550702431
 },
 "val|1000|0.42": {
  "fS1_centroid": 0.6155878215391317,
  "fS2_highfrac": 0.6557801092780188,
  "fS3_flatness": 0.8540520962082535
 },
 "val|1000|0.48": {
  "fS1_centroid": 0.6172103269654112,
  "fS2_highfrac": 0.6579524836594578,
  "fS3_flatness": 0.8524713167192035
 },
 "val|1000|0.55": {
  "fS1_centroid": 0.6222665019977174,
  "fS2_highfrac": 0.6654382717662513,
  "fS3_flatness": 0.8466668615934676
 },
 "val|1000|0.64": {
  "fS1_centroid": 0.6192479540954547,
  "fS2_highfrac": 0.6609507586533809,
  "fS3_flatness": 0.8529448726653415
 },
 "val|2000|0.24": {
  "fS1_centroid": 0.6317998374996783,
  "fS2_highfrac": 0.6780403075031065,
  "fS3_flatness": 0.7813408287556171
 },
 "val|2000|0.42": {
  "fS1_centroid": 0.6433949850731174,
  "fS2_highfrac": 0.6939662285534807,
  "fS3_flatness": 0.7671979209005023
 },
 "val|2000|0.48": {
  "fS1_centroid": 0.6461432002105767,
  "fS2_highfrac": 0.7004064508780844,
  "fS3_flatness": 0.7634788412648319
 },
 "val|2000|0.55": {
  "fS1_centroid": 0.645378991006172,
  "fS2_highfrac": 0.7001396457655765,
  "fS3_flatness": 0.7649133498906283
 },
 "val|2000|0.64": {
  "fS1_centroid": 0.6437319028766443,
  "fS2_highfrac": 0.6967198963075989,
  "fS3_flatness": 0.7676987146326694
 },
 "val|2000|0.73": {
  "fS1_centroid": 0.6416593012096705,
  "fS2_highfrac": 0.6930791650700302,
  "fS3_flatness": 0.7730526950548207
 },
 "val|2000|0.84": {
  "fS1_centroid": 0.6404873158112186,
  "fS2_highfrac": 0.6930570471983327,
  "fS3_flatness": 0.7780235553923298
 },
 "val|8000|0.12": {
  "fS1_centroid": 0.7147679745739717,
  "fS2_highfrac": 0.7818902895826381,
  "fS3_flatness": 0.6263381533121986
 },
 "val|8000|0.24": {
  "fS1_centroid": 0.7080713278283102,
  "fS2_highfrac": 0.7779794167927063,
  "fS3_flatness": 0.6337217715680487
 },
 "val|8000|0.36": {
  "fS1_centroid": 0.6999427430919698,
  "fS2_highfrac": 0.774487192339316,
  "fS3_flatness": 0.6494251095531864
 },
 "val|8000|0.48": {
  "fS1_centroid": 0.6911012256149198,
  "fS2_highfrac": 0.763506805390294,
  "fS3_flatness": 0.662154062344643
 },
 "val|8000|0.6": {
  "fS1_centroid": 0.6839017062252464,
  "fS2_highfrac": 0.7522517234269586,
  "fS3_flatness": 0.6812022686866257
 },
 "val|8000|0.72": {
  "fS1_centroid": 0.6665257506350704,
  "fS2_highfrac": 0.7298632380337022,
  "fS3_flatness": 0.7123851269219206
 },
 "val|8000|0.96": {
  "fS1_centroid": 0.6468552016825613,
  "fS2_highfrac": 0.7044111610954956,
  "fS3_flatness": 0.7504664784660138
 },
 "val|8000|1.44": {
  "fS1_centroid": 0.618164973846004,
  "fS2_highfrac": 0.6636085709099903,
  "fS3_flatness": 0.785561054869309
 }
}