{
  "alpha_grid": [
    0.0,
    0.5,
    1.0,
    2.0,
    4.0,
    8.0,
    16.0,
    32.0
  ],
  "seeds": [
    1511,
    1512,
    1513
  ],
  "per_seed": {
    "1511": {
      "cos_v_D": -0.6817377939967192,
      "norm_D_over_v": 1.4547750751125568,
      "counts": {
        "n1": 149,
        "n2": 149,
        "n_polyak": 780
      },
      "artifact_c": "/home/knielsen/ml/optimizers/results/tail_artifacts/nanogpt_tail_seed1511_8f23160c_none.pt",
      "artifact_a": "/home/knielsen/ml/optimizers/results/tail_artifacts/nanogpt_tail_seed1511_aacc5947_none.pt",
      "final_val_c": 3.3800830841064453,
      "final_val_a": 3.2885539531707764,
      "readouts": {
        "alpha_0": {
          "shard1": 3.3231746673583986,
          "shard2": 3.299898147583008
        },
        "alpha_0.5": {
          "shard1": 3.3729412078857424,
          "shard2": 3.3495182037353515
        },
        "alpha_1": {
          "shard1": 3.4748878479003906,
          "shard2": 3.451334762573242
        },
        "alpha_2": {
          "shard1": 3.9731395721435545,
          "shard2": 3.9530941009521485
        },
        "alpha_4": {
          "shard1": 6.782698059082032,
          "shard2": 6.786402893066406
        },
        "alpha_8": {
          "shard1": 16.58404083251953,
          "shard2": 16.584214782714845
        },
        "alpha_16": {
          "shard1": 23.795382690429687,
          "shard2": 23.790142822265626
        },
        "alpha_32": {
          "shard1": 26.83843078613281,
          "shard2": 26.820529174804687
        },
        "c_final": {
          "shard1": 3.391819381713867,
          "shard2": 3.36834716796875
        },
        "c_polyak": {
          "shard1": 3.3218570709228517,
          "shard2": 3.2985774993896486
        },
        "a_final": {
          "shard1": 3.3003387451171875,
          "shard2": 3.2767677307128906
        },
        "merge_w2_0.25": {
          "shard1": 3.3128677368164063,
          "shard2": 3.2896190643310548
        },
        "merge_w2_0.5": {
          "shard1": 3.3098518371582033,
          "shard2": 3.2866436004638673
        },
        "merge_w2_0.75": {
          "shard1": 3.313051223754883,
          "shard2": 3.289813232421875
        }
      }
    },
    "1512": {
      "cos_v_D": -0.6813267187603731,
      "norm_D_over_v": 1.4606412183770532,
      "counts": {
        "n1": 150,
        "n2": 149,
        "n_polyak": 781
      },
      "artifact_c": "/home/knielsen/ml/optimizers/results/tail_artifacts/nanogpt_tail_seed1512_8f23160c_none.pt",
      "artifact_a": "/home/knielsen/ml/optimizers/results/tail_artifacts/nanogpt_tail_seed1512_aacc5947_none.pt",
      "final_val_c": 3.3815181255340576,
      "final_val_a": 3.2905876636505127,
      "readouts": {
        "alpha_0": {
          "shard1": 3.324013519287109,
          "shard2": 3.3008045196533202
        },
        "alpha_0.5": {
          "shard1": 3.3735557556152345,
          "shard2": 3.349995422363281
        },
        "alpha_1": {
          "shard1": 3.4756748199462892,
          "shard2": 3.451612091064453
        },
        "alpha_2": {
          "shard1": 3.9870021820068358,
          "shard2": 3.9651737213134766
        },
        "alpha_4": {
          "shard1": 6.996792602539062,
          "shard2": 6.998799896240234
        },
        "alpha_8": {
          "shard1": 15.158551025390626,
          "shard2": 15.155967712402344
        },
        "alpha_16": {
          "shard1": 22.438351440429688,
          "shard2": 22.446827697753907
        },
        "alpha_32": {
          "shard1": 25.97745361328125,
          "shard2": 25.970065307617187
        },
        "c_final": {
          "shard1": 3.393159866333008,
          "shard2": 3.369876480102539
        },
        "c_polyak": {
          "shard1": 3.32348518371582,
          "shard2": 3.3005653381347657
        },
        "a_final": {
          "shard1": 3.3019100189208985,
          "shard2": 3.279265594482422
        },
        "merge_w2_0.25": {
          "shard1": 3.3142475128173827,
          "shard2": 3.291295623779297
        },
        "merge_w2_0.5": {
          "shard1": 3.311014175415039,
          "shard2": 3.288015365600586
        },
        "merge_w2_0.75": {
          "shard1": 3.3140243530273437,
          "shard2": 3.2909423828125
        }
      }
    },
    "1513": {
      "cos_v_D": -0.6811589490066109,
      "norm_D_over_v": 1.4563180988758926,
      "counts": {
        "n1": 149,
        "n2": 149,
        "n_polyak": 779
      },
      "artifact_c": "/home/knielsen/ml/optimizers/results/tail_artifacts/nanogpt_tail_seed1513_8f23160c_none.pt",
      "artifact_a": "/home/knielsen/ml/optimizers/results/tail_artifacts/nanogpt_tail_seed1513_aacc5947_none.pt",
      "final_val_c": 3.3785722255706787,
      "final_val_a": 3.287248373031616,
      "readouts": {
        "alpha_0": {
          "shard1": 3.3210212707519533,
          "shard2": 3.2978309631347655
        },
        "alpha_0.5": {
          "shard1": 3.3707157135009767,
          "shard2": 3.347351837158203
        },
        "alpha_1": {
          "shard1": 3.4727874755859376,
          "shard2": 3.4492862701416014
        },
        "alpha_2": {
          "shard1": 3.980974578857422,
          "shard2": 3.959788131713867
        },
        "alpha_4": {
          "shard1": 6.937709808349609,
          "shard2": 6.9405464172363285
        },
        "alpha_8": {
          "shard1": 17.245469665527345,
          "shard2": 17.22223663330078
        },
        "alpha_16": {
          "shard1": 23.489427185058595,
          "shard2": 23.490318298339844
        },
        "alpha_32": {
          "shard1": 25.645489501953126,
          "shard2": 25.66986083984375
        },
        "c_final": {
          "shard1": 3.390412139892578,
          "shard2": 3.3667320251464843
        },
        "c_polyak": {
          "shard1": 3.3202960968017576,
          "shard2": 3.2975017547607424
        },
        "a_final": {
          "shard1": 3.2988136291503904,
          "shard2": 3.2756832122802733
        },
        "merge_w2_0.25": {
          "shard1": 3.3112010955810547,
          "shard2": 3.2883472442626953
        },
        "merge_w2_0.5": {
          "shard1": 3.308005142211914,
          "shard2": 3.2850662231445313
        },
        "merge_w2_0.75": {
          "shard1": 3.3110862731933595,
          "shard2": 3.2880184173583986
        }
      }
    }
  },
  "alpha_star": 0.0,
  "alpha_star_shard1_curve": {
    "0": 3.3231746673583986,
    "0.5": 3.3729412078857424,
    "1": 3.4748878479003906,
    "2": 3.9731395721435545,
    "4": 6.782698059082032,
    "8": 16.58404083251953,
    "16": 23.795382690429687,
    "32": 26.83843078613281
  },
  "recovery": {
    "seed1512_shard1": {
      "L_W2": 3.324013519287109,
      "L_Walpha": 3.324013519287109,
      "L_WSD": 3.3019100189208985,
      "r": 0.0
    },
    "seed1512_shard2": {
      "L_W2": 3.3008045196533202,
      "L_Walpha": 3.3008045196533202,
      "L_WSD": 3.279265594482422,
      "r": 0.0
    },
    "seed1513_shard1": {
      "L_W2": 3.3210212707519533,
      "L_Walpha": 3.3210212707519533,
      "L_WSD": 3.2988136291503904,
      "r": 0.0
    },
    "seed1513_shard2": {
      "L_W2": 3.2978309631347655,
      "L_Walpha": 3.2978309631347655,
      "L_WSD": 3.2756832122802733,
      "r": 0.0
    }
  },
  "registered": {
    "alpha_star": 0.0,
    "alpha_star_gt_half": false,
    "min_heldout_recovery": 0.0,
    "all_cells_ge_040": false,
    "note": "gate call is human (prereg \u00a71); this block only restates the registered quantities"
  }
}