{
  "config": {
    "contents": {
      "data": {
        "root": "data/cifar10"
      },
      "device": "cuda",
      "experiment": "airbench_instrumented",
      "instrumentation": {
        "align_min": 0.9,
        "betas": [
          0.9,
          0.99
        ],
        "classifier": {
          "innov_needed": 2,
          "innov_window": 4,
          "n_min": 50,
          "rho_osc": 0.5,
          "tau_noise": 2.0,
          "tau_sig": 4.0,
          "z_reset": 6.0
        },
        "frozen_probes": {
          "enabled": false
        },
        "hvp": false,
        "k1": 16,
        "k2": 16,
        "min_dim": 8,
        "momentum_key": "momentum_buffer",
        "seed": 4242,
        "smoothness": {
          "enabled": true,
          "grad_source": "recompute",
          "t_meas": 5
        },
        "snapshot_every": 5,
        "subspace_iters": 2,
        "t_refresh": 50
      },
      "probe_overrides": {
        "lr": 0.72
      },
      "recipe": {
        "compile": false,
        "tta_level": 2
      },
      "train": {
        "batch_size": 8000,
        "epochs": 32
      }
    },
    "path": "sweeps/frontier_b8000_stepmatched/frontier_b8000_stepmatched__lr0.72.yaml",
    "sha256": "f65ca55bcbf2c6906e73ebecee5aa3714043b3cf6a6a1e0bf27ac1cd65b7b2de"
  },
  "cost_usd": null,
  "experiment": "airbench_instrumented",
  "finished_at": "2026-07-21T06:45:40.853413+00:00",
  "git_dirty": false,
  "git_sha": "ba5bad32f2a656445cc33b7e5babd5878019cbc4",
  "gpu_type": "NVIDIA GeForce RTX 5090",
  "metrics": {
    "epochs": 32.0,
    "instrumentation_sidecar": "airbench_instrumented_seed1411_20260721T064509.instrumentation.json",
    "instrumented": true,
    "optimizer": "vendor_muon",
    "optimizer_lr": 0.72,
    "probe_overrides": {
      "lr": 0.72
    },
    "smoothness_backward_passes": 39,
    "smoothness_forward_passes": 273,
    "steps": 192,
    "time_seconds": 28.942554023742677,
    "train_acc_last": 0.9915000200271606,
    "tta_val_acc": 0.9375999569892883,
    "val_acc": 0.9283999800682068,
    "val_accs": [
      0.09799999743700027,
      0.10599999874830246,
      0.11769999563694,
      0.10089999437332153,
      0.11459999531507492,
      0.13379999995231628,
      0.1444000005722046,
      0.15070000290870667,
      0.10379999876022339,
      0.11159999668598175,
      0.18150000274181366,
      0.28329998254776,
      0.2700999975204468,
      0.2052999883890152,
      0.16749998927116394,
      0.24409998953342438,
      0.4088999927043915,
      0.39149999618530273,
      0.48739999532699585,
      0.6301999688148499,
      0.6455999612808228,
      0.36899998784065247,
      0.7721999883651733,
      0.6187999844551086,
      0.739799976348877,
      0.8278999924659729,
      0.8447999954223633,
      0.8011999726295471,
      0.8985999822616577,
      0.916700005531311,
      0.9222999811172485,
      0.9283999800682068
    ]
  },
  "schema_version": 1,
  "seed": 1411,
  "started_at": "2026-07-21T06:45:09.917590+00:00",
  "wall_time_s": 30.935805868997704
}
