{
  "config": {
    "contents": {
      "data": {
        "root": "data/cifar10"
      },
      "device": "cuda",
      "experiment": "airbench_instrumented",
      "instrumentation": {
        "align_min": 0.9,
        "betas": [
          0.9,
          0.99
        ],
        "classifier": {
          "innov_needed": 2,
          "innov_window": 4,
          "n_min": 50,
          "rho_osc": 0.5,
          "tau_noise": 2.0,
          "tau_sig": 4.0,
          "z_reset": 6.0
        },
        "frozen_probes": {
          "enabled": false
        },
        "hvp": false,
        "k1": 16,
        "k2": 16,
        "min_dim": 8,
        "momentum_key": "momentum_buffer",
        "seed": 4242,
        "smoothness": {
          "enabled": true,
          "grad_source": "recompute",
          "t_meas": 5
        },
        "snapshot_every": 5,
        "subspace_iters": 2,
        "t_refresh": 50
      },
      "probe_overrides": {
        "lr": 0.36
      },
      "recipe": {
        "compile": false,
        "tta_level": 2
      },
      "train": {
        "batch_size": 8000,
        "epochs": 32
      }
    },
    "path": "sweeps/frontier_b8000_stepmatched/frontier_b8000_stepmatched__lr0.36.yaml",
    "sha256": "961f388d4e3ba6920c8681973759c6a854ce7c14ad451a4c7ce084b2dfd76a36"
  },
  "cost_usd": null,
  "experiment": "airbench_instrumented",
  "finished_at": "2026-07-21T06:42:33.092173+00:00",
  "git_dirty": false,
  "git_sha": "ba5bad32f2a656445cc33b7e5babd5878019cbc4",
  "gpu_type": "NVIDIA GeForce RTX 5090",
  "metrics": {
    "epochs": 32.0,
    "instrumentation_sidecar": "airbench_instrumented_seed1410_20260721T064201.instrumentation.json",
    "instrumented": true,
    "optimizer": "vendor_muon",
    "optimizer_lr": 0.36,
    "probe_overrides": {
      "lr": 0.36
    },
    "smoothness_backward_passes": 39,
    "smoothness_forward_passes": 273,
    "steps": 192,
    "time_seconds": 29.485841239929204,
    "train_acc_last": 0.9988750219345093,
    "tta_val_acc": 0.929099977016449,
    "val_acc": 0.9185000061988831,
    "val_accs": [
      0.1573999971151352,
      0.09999999403953552,
      0.1882999986410141,
      0.1467999964952469,
      0.25920000672340393,
      0.142099991440773,
      0.10089999437332153,
      0.1712999939918518,
      0.2554999887943268,
      0.4107999801635742,
      0.282399982213974,
      0.3276999890804291,
      0.5776000022888184,
      0.34700000286102295,
      0.41819998621940613,
      0.6292999982833862,
      0.4558999836444855,
      0.7041999697685242,
      0.5834999680519104,
      0.6408999562263489,
      0.6606999635696411,
      0.8240000009536743,
      0.7597000002861023,
      0.7655999660491943,
      0.81659996509552,
      0.8551999926567078,
      0.880299985408783,
      0.8693999648094177,
      0.9067999720573425,
      0.9097999930381775,
      0.9147999882698059,
      0.9185000061988831
    ]
  },
  "schema_version": 1,
  "seed": 1410,
  "started_at": "2026-07-21T06:42:01.585090+00:00",
  "wall_time_s": 31.507067447004374
}
