{
  "config": {
    "contents": {
      "data": {
        "root": "data/cifar10"
      },
      "device": "cuda",
      "experiment": "airbench_instrumented",
      "instrumentation": {
        "align_min": 0.9,
        "betas": [
          0.9,
          0.99
        ],
        "classifier": {
          "innov_needed": 2,
          "innov_window": 4,
          "n_min": 50,
          "rho_osc": 0.5,
          "tau_noise": 2.0,
          "tau_sig": 4.0,
          "z_reset": 6.0
        },
        "frozen_probes": {
          "enabled": false
        },
        "hvp": false,
        "k1": 16,
        "k2": 16,
        "min_dim": 8,
        "momentum_key": "momentum_buffer",
        "seed": 4242,
        "smoothness": {
          "enabled": true,
          "grad_source": "recompute",
          "t_meas": 5
        },
        "snapshot_every": 5,
        "subspace_iters": 2,
        "t_refresh": 50
      },
      "probe_overrides": {
        "lr": 0.48
      },
      "recipe": {
        "compile": false,
        "tta_level": 2
      },
      "train": {
        "batch_size": 8000,
        "epochs": 32
      }
    },
    "path": "sweeps/frontier_b8000_stepmatched/frontier_b8000_stepmatched__lr0.48.yaml",
    "sha256": "cd6c3bd0cd94a44c9d302d94ea696c67e3119f0c9d3c43ed476752b01c64a012"
  },
  "cost_usd": null,
  "experiment": "airbench_instrumented",
  "finished_at": "2026-07-21T06:44:35.547402+00:00",
  "git_dirty": false,
  "git_sha": "ba5bad32f2a656445cc33b7e5babd5878019cbc4",
  "gpu_type": "NVIDIA GeForce RTX 5090",
  "metrics": {
    "epochs": 32.0,
    "instrumentation_sidecar": "airbench_instrumented_seed1411_20260721T064404.instrumentation.json",
    "instrumented": true,
    "optimizer": "vendor_muon",
    "optimizer_lr": 0.48,
    "probe_overrides": {
      "lr": 0.48
    },
    "smoothness_backward_passes": 39,
    "smoothness_forward_passes": 273,
    "steps": 192,
    "time_seconds": 28.94785478210449,
    "train_acc_last": 0.9981250762939453,
    "tta_val_acc": 0.9377999901771545,
    "val_acc": 0.9289999604225159,
    "val_accs": [
      0.16859999299049377,
      0.09999999403953552,
      0.17759999632835388,
      0.09999999403953552,
      0.1898999959230423,
      0.3165999948978424,
      0.29589998722076416,
      0.18529999256134033,
      0.24769999086856842,
      0.2515999972820282,
      0.5205000042915344,
      0.444599986076355,
      0.421099990606308,
      0.4822999835014343,
      0.5539999604225159,
      0.6902999877929688,
      0.5241999626159668,
      0.5313999652862549,
      0.7975999712944031,
      0.7684999704360962,
      0.6092000007629395,
      0.8144999742507935,
      0.8531000018119812,
      0.8435999751091003,
      0.8734999895095825,
      0.8776999711990356,
      0.895799994468689,
      0.8791999816894531,
      0.9107999801635742,
      0.9246000051498413,
      0.9274999499320984,
      0.9289999604225159
    ]
  },
  "schema_version": 1,
  "seed": 1411,
  "started_at": "2026-07-21T06:44:04.610400+00:00",
  "wall_time_s": 30.93698206503177
}
